,start,end,timenow,time,num
0,"(24.1837584, 120.6037066)","(24.1279394, 120.5728427)",2018-01-09 18:09:00,25 だ,1.0
1,"(24.1837584, 120.6037066)","(24.1200432, 120.6996289)",2018-01-09 19:25:00,36 だ,1.0
2,"(24.1837584, 120.6037066)","(24.1143669, 120.5878646)",2018-01-09 03:27:00,22 だ,1.0
3,"(24.1837584, 120.6037066)","(24.1643556, 120.6197813)",2018-01-09 09:26:00,14 だ,1.0
4,"(24.1837584, 120.6037066)","(24.1737383, 120.6347145)",2018-01-09 07:00:00,13 だ,1.0
5,"(24.1837584, 120.6037066)","(24.146204, 120.5477382)",2018-01-09 09:08:00,24 だ,1.0
6,"(24.1837584, 120.6037066)","(24.1104001, 120.609646)",2018-01-09 02:47:00,20 だ,1.0
7,"(24.1837584, 120.6037066)","(24.1294717, 120.6002561)",2018-01-09 11:17:00,26 だ,1.0
8,"(24.1837584, 120.6037066)","(24.1427467, 120.5228654)",2018-01-09 10:56:00,19 だ,1.0
9,"(24.1837584, 120.6037066)","(24.1260041, 120.5328191)",2018-01-09 17:14:00,24 だ,1.0
10,"(24.1837584, 120.6037066)","(24.1805103, 120.6744124)",2018-01-09 03:08:00,23 だ,1.0
11,"(24.1837584, 120.6037066)","(24.1462151, 120.5240872)",2018-01-09 13:37:00,33 だ,1.0
12,"(24.1837584, 120.6037066)","(24.1623489, 120.5372931)",2018-01-09 20:12:00,25 だ,1.0
13,"(24.1837584, 120.6037066)","(24.1922315, 120.6602781)",2018-01-09 05:27:00,19 だ,1.0
14,"(24.1837584, 120.6037066)","(24.1888408, 120.6217366)",2018-01-09 07:17:00,10 だ,1.0
15,"(24.1837584, 120.6037066)","(24.1868998, 120.6583764)",2018-01-09 06:49:00,20 だ,1.0
16,"(24.1837584, 120.6037066)","(24.1140103, 120.5927001)",2018-01-09 22:27:00,21 だ,1.0
17,"(24.1837584, 120.6037066)","(24.1064097, 120.5630525)",2018-01-09 16:40:00,24 だ,1.0
18,"(24.1837584, 120.6037066)","(24.1207745, 120.6577757)",2018-01-09 20:38:00,30 だ,1.0
19,"(24.1837584, 120.6037066)","(24.1216083, 120.5075914)",2018-01-09 15:26:00,25 だ,1.0
20,"(24.1837584, 120.6037066)","(24.1356956, 120.6941679)",2018-01-09 15:27:00,35 だ,1.0
21,"(24.1837584, 120.6037066)","(24.1742606, 120.6498056)",2018-01-09 21:25:00,19 だ,1.0
22,"(24.1837584, 120.6037066)","(24.1418709, 120.6789031)",2018-01-09 13:02:00,29 だ,1.0
23,"(24.1837584, 120.6037066)","(24.1018805, 120.5641627)",2018-01-09 08:26:00,25 だ,1.0
24,"(24.1837584, 120.6037066)","(24.1004241, 120.6253179)",2018-01-09 10:21:00,23 だ,1.0
25,"(24.1837584, 120.6037066)","(24.1374668, 120.5958083)",2018-01-09 02:55:00,22 だ,1.0
26,"(24.1837584, 120.6037066)","(24.1629678, 120.5237093)",2018-01-09 17:46:00,30 だ,1.0
27,"(24.1837584, 120.6037066)","(24.1549719, 120.638985)",2018-01-09 16:58:00,19 だ,1.0
28,"(24.1837584, 120.6037066)","(24.1068615, 120.6834195)",2018-01-09 15:17:00,35 だ,1.0
29,"(24.1837584, 120.6037066)","(24.1189432, 120.6808028)",2018-01-09 02:38:00,36 だ,1.0
30,"(24.1837584, 120.6037066)","(24.1173886, 120.5377149)",2018-01-09 12:32:00,19 だ,1.0
31,"(24.1837584, 120.6037066)","(24.1864224, 120.5615408)",2018-01-09 21:25:00,15 だ,1.0
32,"(24.1837584, 120.6037066)","(24.1902643, 120.6433175)",2018-01-09 22:52:00,16 だ,1.0
33,"(24.1837584, 120.6037066)","(24.186707, 120.6881819)",2018-01-09 20:48:00,24 だ,1.0
34,"(24.1837584, 120.6037066)","(24.1894649, 120.6382135)",2018-01-09 21:39:00,14 だ,1.0
35,"(24.1837584, 120.6037066)","(24.1756413, 120.6796809)",2018-01-09 06:47:00,25 だ,1.0
36,"(24.1837584, 120.6037066)","(24.1096693, 120.5787146)",2018-01-09 17:33:00,24 だ,1.0
37,"(24.1837584, 120.6037066)","(24.1575786, 120.5033867)",2018-01-09 14:45:00,23 だ,1.0
38,"(24.1837584, 120.6037066)","(24.1701316, 120.5507662)",2018-01-09 14:32:00,23 だ,1.0
39,"(24.1837584, 120.6037066)","(24.1127108, 120.6319624)",2018-01-09 09:31:00,26 だ,1.0
40,"(24.1837584, 120.6037066)","(24.1235575, 120.6489331)",2018-01-09 17:18:00,28 だ,1.0
41,"(24.1837584, 120.6037066)","(24.189807, 120.5362601)",2018-01-09 03:07:00,22 だ,1.0
42,"(24.1837584, 120.6037066)","(24.1558272, 120.5508743)",2018-01-09 14:40:00,22 だ,1.0
43,"(24.1837584, 120.6037066)","(24.1048686, 120.6893942)",2018-01-09 16:44:00,32 だ,1.0
44,"(24.1837584, 120.6037066)","(24.1397474, 120.5098876)",2018-01-09 03:07:00,22 だ,1.0
45,"(24.1837584, 120.6037066)","(24.1023656, 120.5926454)",2018-01-09 07:14:00,26 だ,1.0
46,"(24.1837584, 120.6037066)","(24.1822633, 120.6343287)",2018-01-09 02:51:00,12 だ,1.0
47,"(24.1837584, 120.6037066)","(24.1142904, 120.6161406)",2018-01-09 12:42:00,20 だ,1.0
48,"(24.1837584, 120.6037066)","(24.1211108, 120.6314127)",2018-01-09 14:01:00,23 だ,1.0
49,"(24.1837584, 120.6037066)","(24.1864318, 120.6149023)",2018-01-09 08:33:00,6 だ,1.0
50,"(24.1837584, 120.6037066)","(24.1608921, 120.544924)",2018-01-09 11:36:00,23 だ,1.0
51,"(24.1837584, 120.6037066)","(24.1701022, 120.5470613)",2018-01-09 09:03:00,23 だ,1.0
52,"(24.1837584, 120.6037066)","(24.1448257, 120.5972695)",2018-01-09 20:53:00,22 だ,1.0
53,"(24.1837584, 120.6037066)","(24.1412246, 120.5802831)",2018-01-09 04:06:00,20 だ,1.0
54,"(24.1837584, 120.6037066)","(24.101324, 120.5078991)",2018-01-09 09:35:00,28 だ,1.0
55,"(24.1837584, 120.6037066)","(24.1077049, 120.6080097)",2018-01-09 20:49:00,23 だ,1.0
56,"(24.1837584, 120.6037066)","(24.1066761, 120.5083479)",2018-01-09 09:25:00,27 だ,1.0
57,"(24.1837584, 120.6037066)","(24.1599245, 120.5394354)",2018-01-09 04:04:00,26 だ,1.0
58,"(24.1837584, 120.6037066)","(24.1810665, 120.5316598)",2018-01-09 13:47:00,24 だ,1.0
59,"(24.1837584, 120.6037066)","(24.1618909, 120.696055)",2018-01-09 22:27:00,33 だ,1.0
60,"(24.1837584, 120.6037066)","(24.1635377, 120.6222345)",2018-01-09 22:25:00,17 だ,1.0
61,"(24.1837584, 120.6037066)","(24.1875515, 120.6050038)",2018-01-09 08:12:00,4 だ,1.0
62,"(24.1837584, 120.6037066)","(24.1036901, 120.5526089)",2018-01-09 19:38:00,25 だ,1.0
63,"(24.1837584, 120.6037066)","(24.1306547, 120.5322598)",2018-01-09 15:16:00,24 だ,1.0
64,"(24.1837584, 120.6037066)","(24.1240646, 120.5519256)",2018-01-09 13:24:00,26 だ,1.0
65,"(24.1837584, 120.6037066)","(24.1686303, 120.5302743)",2018-01-09 13:08:00,27 だ,1.0
66,"(24.1837584, 120.6037066)","(24.1361808, 120.6393984)",2018-01-09 10:52:00,24 だ,1.0
67,"(24.1837584, 120.6037066)","(24.1560328, 120.5171527)",2018-01-09 15:59:00,20 だ,1.0
68,"(24.1837584, 120.6037066)","(24.1718398, 120.640493)",2018-01-09 07:02:00,16 だ,1.0
69,"(24.1837584, 120.6037066)","(24.1012173, 120.5482599)",2018-01-09 11:31:00,27 だ,1.0
70,"(24.1837584, 120.6037066)","(24.1438487, 120.5962961)",2018-01-09 03:03:00,21 だ,1.0
71,"(24.1837584, 120.6037066)","(24.1473287, 120.6122505)",2018-01-09 20:08:00,18 だ,1.0
72,"(24.1837584, 120.6037066)","(24.1721801, 120.6770771)",2018-01-09 22:52:00,26 だ,1.0
73,"(24.1837584, 120.6037066)","(24.1108881, 120.5116428)",2018-01-09 10:28:00,25 だ,1.0
74,"(24.1837584, 120.6037066)","(24.1220316, 120.58886)",2018-01-09 15:42:00,26 だ,1.0
75,"(24.1837584, 120.6037066)","(24.1951151, 120.579224)",2018-01-09 10:46:00,11 だ,1.0
76,"(24.1837584, 120.6037066)","(24.1484078, 120.5410353)",2018-01-09 18:07:00,28 だ,1.0
77,"(24.1837584, 120.6037066)","(24.11555, 120.6101949)",2018-01-09 15:55:00,23 だ,1.0
78,"(24.1837584, 120.6037066)","(24.115981, 120.5700868)",2018-01-09 22:11:00,27 だ,1.0
79,"(24.1837584, 120.6037066)","(24.1166845, 120.6981375)",2018-01-09 15:59:00,36 だ,1.0
80,"(24.1837584, 120.6037066)","(24.1617603, 120.5555543)",2018-01-09 03:55:00,19 だ,1.0
81,"(24.1837584, 120.6037066)","(24.199594, 120.5008403)",2018-01-09 06:55:00,29 だ,1.0
82,"(24.1837584, 120.6037066)","(24.1164953, 120.6945167)",2018-01-09 07:39:00,36 だ,1.0
83,"(24.1837584, 120.6037066)","(24.1767471, 120.6918319)",2018-01-09 19:03:00,27 だ,1.0
84,"(24.1837584, 120.6037066)","(24.15499, 120.5458165)",2018-01-09 17:50:00,23 だ,1.0
85,"(24.1837584, 120.6037066)","(24.146735, 120.5161117)",2018-01-09 05:25:00,20 だ,1.0
86,"(24.1837584, 120.6037066)","(24.1001428, 120.6173668)",2018-01-09 19:35:00,31 だ,1.0
87,"(24.1837584, 120.6037066)","(24.1852152, 120.571382)",2018-01-09 12:51:00,11 だ,1.0
88,"(24.1837584, 120.6037066)","(24.1584213, 120.5044025)",2018-01-09 07:01:00,23 だ,1.0
89,"(24.1837584, 120.6037066)","(24.1089885, 120.590949)",2018-01-09 02:26:00,23 だ,1.0
90,"(24.1837584, 120.6037066)","(24.1546242, 120.6216535)",2018-01-09 19:53:00,16 だ,1.0
91,"(24.1837584, 120.6037066)","(24.1541217, 120.6667745)",2018-01-09 11:53:00,24 だ,1.0
92,"(24.1837584, 120.6037066)","(24.175288, 120.6798892)",2018-01-09 09:26:00,24 だ,1.0
93,"(24.1837584, 120.6037066)","(24.1239009, 120.5996188)",2018-01-09 12:28:00,29 だ,1.0
94,"(24.1837584, 120.6037066)","(24.1434872, 120.5718116)",2018-01-09 13:03:00,23 だ,1.0
95,"(24.1837584, 120.6037066)","(24.183729, 120.5800785)",2018-01-09 09:03:00,9 だ,1.0
96,"(24.1837584, 120.6037066)","(24.1526399, 120.6188151)",2018-01-09 07:01:00,13 だ,1.0
97,"(24.1837584, 120.6037066)","(24.1496231, 120.641623)",2018-01-09 16:40:00,22 だ,1.0
98,"(24.1837584, 120.6037066)","(24.12281, 120.6359954)",2018-01-09 15:10:00,26 だ,1.0
99,"(24.1837584, 120.6037066)","(24.1043889, 120.5709484)",2018-01-09 19:24:00,21 だ,1.0
100,"(24.1837584, 120.6037066)","(24.1159052, 120.6094597)",2018-01-09 04:06:00,23 だ,1.0
101,"(24.1837584, 120.6037066)","(24.1018816, 120.5322183)",2018-01-09 03:33:00,26 だ,1.0
102,"(24.1837584, 120.6037066)","(24.1494742, 120.6221893)",2018-01-09 12:55:00,17 だ,1.0
103,"(24.1837584, 120.6037066)","(24.1950743, 120.5648234)",2018-01-09 17:26:00,16 だ,1.0
104,"(24.1837584, 120.6037066)","(24.1997462, 120.6944009)",2018-01-09 20:30:00,21 だ,1.0
105,"(24.1837584, 120.6037066)","(24.1986117, 120.6315194)",2018-01-09 05:20:00,13 だ,1.0
106,"(24.1837584, 120.6037066)","(24.125443, 120.5524164)",2018-01-09 22:36:00,26 だ,1.0
107,"(24.1837584, 120.6037066)","(24.1484813, 120.6964285)",2018-01-09 11:38:00,35 だ,1.0
108,"(24.1837584, 120.6037066)","(24.1561336, 120.6491287)",2018-01-09 07:49:00,21 だ,1.0
109,"(24.1837584, 120.6037066)","(24.1781403, 120.6688217)",2018-01-09 11:35:00,25 だ,1.0
110,"(24.1837584, 120.6037066)","(24.1378031, 120.6863833)",2018-01-09 19:28:00,33 だ,1.0
111,"(24.1837584, 120.6037066)","(24.1179862, 120.5266103)",2018-01-09 06:18:00,22 だ,1.0
112,"(24.1837584, 120.6037066)","(24.1161706, 120.6598344)",2018-01-09 07:29:00,31 だ,1.0
113,"(24.1837584, 120.6037066)","(24.1903036, 120.5182445)",2018-01-09 14:04:00,25 だ,1.0
114,"(24.1837584, 120.6037066)","(24.1105505, 120.6300946)",2018-01-09 14:58:00,27 だ,1.0
115,"(24.1837584, 120.6037066)","(24.1178061, 120.6140402)",2018-01-09 07:44:00,15 だ,1.0
116,"(24.1837584, 120.6037066)","(24.1257928, 120.6724855)",2018-01-09 04:13:00,34 だ,1.0
117,"(24.1837584, 120.6037066)","(24.1874497, 120.522377)",2018-01-09 21:37:00,25 だ,1.0
118,"(24.1837584, 120.6037066)","(24.1868261, 120.520182)",2018-01-09 08:01:00,25 だ,1.0
119,"(24.1837584, 120.6037066)","(24.1524487, 120.6272919)",2018-01-09 06:43:00,18 だ,1.0
120,"(24.1837584, 120.6037066)","(24.101185, 120.6341411)",2018-01-09 14:03:00,25 だ,1.0
121,"(24.1837584, 120.6037066)","(24.1939384, 120.5397275)",2018-01-09 21:13:00,19 だ,1.0
122,"(24.1837584, 120.6037066)","(24.1639542, 120.5863262)",2018-01-09 07:13:00,19 だ,1.0
123,"(24.1837584, 120.6037066)","(24.1837685, 120.5058192)",2018-01-09 12:35:00,26 だ,1.0
124,"(24.1837584, 120.6037066)","(24.1163596, 120.5597911)",2018-01-09 13:45:00,25 だ,1.0
125,"(24.1837584, 120.6037066)","(24.1761179, 120.6545992)",2018-01-09 22:02:00,20 だ,1.0
126,"(24.1837584, 120.6037066)","(24.1171967, 120.6976037)",2018-01-09 12:51:00,36 だ,1.0
127,"(24.1837584, 120.6037066)","(24.179709, 120.5164338)",2018-01-09 15:17:00,29 だ,1.0
128,"(24.1837584, 120.6037066)","(24.1466229, 120.5365103)",2018-01-09 17:23:00,29 だ,1.0
129,"(24.1837584, 120.6037066)","(24.1395542, 120.6389761)",2018-01-09 08:41:00,22 だ,1.0
130,"(24.1837584, 120.6037066)","(24.1070082, 120.6358633)",2018-01-09 20:36:00,26 だ,1.0
131,"(24.1837584, 120.6037066)","(24.1437499, 120.5940079)",2018-01-09 04:55:00,27 だ,1.0
132,"(24.1837584, 120.6037066)","(24.1021067, 120.6976399)",2018-01-09 12:13:00,33 だ,1.0
133,"(24.1837584, 120.6037066)","(24.1157686, 120.6701071)",2018-01-09 07:54:00,33 だ,1.0
134,"(24.1837584, 120.6037066)","(24.1789243, 120.5376917)",2018-01-09 10:50:00,23 だ,1.0
135,"(24.1837584, 120.6037066)","(24.1805405, 120.5462845)",2018-01-09 13:39:00,20 だ,1.0
136,"(24.1837584, 120.6037066)","(24.1399495, 120.6419337)",2018-01-09 16:07:00,22 だ,1.0
137,"(24.1837584, 120.6037066)","(24.102878, 120.6144466)",2018-01-09 08:16:00,20 だ,1.0
138,"(24.1837584, 120.6037066)","(24.1530868, 120.6191845)",2018-01-09 09:28:00,14 だ,1.0
139,"(24.1837584, 120.6037066)","(24.1375982, 120.6414666)",2018-01-09 08:23:00,23 だ,1.0
140,"(24.1837584, 120.6037066)","(24.1656397, 120.6609014)",2018-01-09 06:42:00,24 だ,1.0
141,"(24.1837584, 120.6037066)","(24.1036956, 120.5028808)",2018-01-09 19:03:00,29 だ,1.0
142,"(24.1837584, 120.6037066)","(24.1501645, 120.6893427)",2018-01-09 09:27:00,34 だ,1.0
143,"(24.1837584, 120.6037066)","(24.1768539, 120.5737814)",2018-01-09 10:30:00,13 だ,1.0
144,"(24.1837584, 120.6037066)","(24.1402799, 120.5239619)",2018-01-09 14:45:00,19 だ,1.0
145,"(24.1837584, 120.6037066)","(24.126324, 120.6360587)",2018-01-09 15:35:00,23 だ,1.0
146,"(24.1837584, 120.6037066)","(24.1603193, 120.5328383)",2018-01-09 06:05:00,29 だ,1.0
147,"(24.1837584, 120.6037066)","(24.1971194, 120.5876999)",2018-01-09 18:41:00,10 だ,1.0
148,"(24.1837584, 120.6037066)","(24.1206255, 120.6405555)",2018-01-09 21:56:00,24 だ,1.0
149,"(24.1837584, 120.6037066)","(24.1215996, 120.606383)",2018-01-09 21:01:00,24 だ,1.0
150,"(24.1837584, 120.6037066)","(24.17971, 120.6245162)",2018-01-09 08:25:00,10 だ,1.0
151,"(24.1837584, 120.6037066)","(24.1320704, 120.6369444)",2018-01-09 14:09:00,24 だ,1.0
152,"(24.1837584, 120.6037066)","(24.1253042, 120.6845709)",2018-01-09 20:29:00,36 だ,1.0
153,"(24.1837584, 120.6037066)","(24.1930821, 120.696977)",2018-01-09 11:44:00,23 だ,1.0
154,"(24.1837584, 120.6037066)","(24.1017282, 120.6276408)",2018-01-09 06:55:00,23 だ,1.0
155,"(24.1837584, 120.6037066)","(24.1514732, 120.5020535)",2018-01-09 14:52:00,22 だ,1.0
156,"(24.1837584, 120.6037066)","(24.122109, 120.6499883)",2018-01-09 10:28:00,28 だ,1.0
157,"(24.1837584, 120.6037066)","(24.172493, 120.6056827)",2018-01-09 10:54:00,13 だ,1.0
158,"(24.1837584, 120.6037066)","(24.190462, 120.5582894)",2018-01-09 12:10:00,13 だ,1.0
159,"(24.1837584, 120.6037066)","(24.1897054, 120.5400463)",2018-01-09 18:05:00,20 だ,1.0
160,"(24.1837584, 120.6037066)","(24.1014495, 120.6805849)",2018-01-09 19:54:00,35 だ,1.0
161,"(24.1837584, 120.6037066)","(24.1943821, 120.6224977)",2018-01-09 04:46:00,10 だ,1.0
162,"(24.1837584, 120.6037066)","(24.1136366, 120.6163915)",2018-01-09 09:48:00,19 だ,1.0
163,"(24.1837584, 120.6037066)","(24.1754768, 120.6510222)",2018-01-09 14:35:00,20 だ,1.0
164,"(24.1837584, 120.6037066)","(24.1654277, 120.6851446)",2018-01-09 19:51:00,30 だ,1.0
165,"(24.1837584, 120.6037066)","(24.1633126, 120.5270476)",2018-01-09 06:41:00,30 だ,1.0
166,"(24.1837584, 120.6037066)","(24.1192854, 120.6821688)",2018-01-09 10:20:00,37 だ,1.0
167,"(24.1837584, 120.6037066)","(24.192437, 120.5025719)",2018-01-09 08:13:00,25 だ,1.0
168,"(24.1837584, 120.6037066)","(24.1272197, 120.6957156)",2018-01-09 12:48:00,35 だ,1.0
169,"(24.1837584, 120.6037066)","(24.1850085, 120.5183865)",2018-01-09 11:50:00,26 だ,1.0
170,"(24.1837584, 120.6037066)","(24.1143421, 120.5221614)",2018-01-09 20:40:00,23 だ,1.0
171,"(24.1837584, 120.6037066)","(24.1865653, 120.6518115)",2018-01-09 13:44:00,19 だ,1.0
172,"(24.1837584, 120.6037066)","(24.1670676, 120.500931)",2018-01-09 22:52:00,25 だ,1.0
173,"(24.1837584, 120.6037066)","(24.1344475, 120.5339831)",2018-01-09 08:12:00,34 だ,1.0
174,"(24.1837584, 120.6037066)","(24.1885291, 120.552767)",2018-01-09 02:48:00,15 だ,1.0
175,"(24.1837584, 120.6037066)","(24.1630014, 120.6100498)",2018-01-09 04:24:00,15 だ,1.0
176,"(24.1837584, 120.6037066)","(24.1684254, 120.6642839)",2018-01-09 15:56:00,25 だ,1.0
177,"(24.1837584, 120.6037066)","(24.1697686, 120.5736374)",2018-01-09 14:25:00,15 だ,1.0
178,"(24.1837584, 120.6037066)","(24.1197781, 120.5121043)",2018-01-09 18:53:00,25 だ,1.0
179,"(24.1837584, 120.6037066)","(24.1432234, 120.5327686)",2018-01-09 22:41:00,35 だ,1.0
180,"(24.1837584, 120.6037066)","(24.1278307, 120.6659114)",2018-01-09 08:47:00,32 だ,1.0
181,"(24.1837584, 120.6037066)","(24.1109169, 120.5994363)",2018-01-09 08:00:00,22 だ,1.0
182,"(24.1837584, 120.6037066)","(24.1526034, 120.658094)",2018-01-09 13:26:00,22 だ,1.0
183,"(24.1837584, 120.6037066)","(24.1615568, 120.545311)",2018-01-09 09:38:00,24 だ,1.0
184,"(24.1837584, 120.6037066)","(24.1940136, 120.6466779)",2018-01-09 17:15:00,18 だ,1.0
185,"(24.1837584, 120.6037066)","(24.122759, 120.6134922)",2018-01-09 04:38:00,20 だ,1.0
186,"(24.1837584, 120.6037066)","(24.120565, 120.6765757)",2018-01-09 15:16:00,38 だ,1.0
187,"(24.1837584, 120.6037066)","(24.1564084, 120.6584943)",2018-01-09 16:19:00,20 だ,1.0
188,"(24.1837584, 120.6037066)","(24.1803304, 120.583284)",2018-01-09 18:38:00,9 だ,1.0
189,"(24.1837584, 120.6037066)","(24.1644392, 120.6532216)",2018-01-09 10:06:00,20 だ,1.0
190,"(24.1837584, 120.6037066)","(24.1478746, 120.6376576)",2018-01-09 05:26:00,21 だ,1.0
191,"(24.1837584, 120.6037066)","(24.1500548, 120.6526493)",2018-01-09 14:42:00,24 だ,1.0
192,"(24.1837584, 120.6037066)","(24.1131551, 120.6936795)",2018-01-09 15:11:00,36 だ,1.0
193,"(24.1837584, 120.6037066)","(24.1572089, 120.5008202)",2018-01-09 12:43:00,23 だ,1.0
194,"(24.1837584, 120.6037066)","(24.1571834, 120.6871852)",2018-01-09 08:23:00,32 だ,1.0
195,"(24.1837584, 120.6037066)","(24.1239582, 120.5795865)",2018-01-09 07:06:00,22 だ,1.0
196,"(24.1837584, 120.6037066)","(24.1638369, 120.6564798)",2018-01-09 11:09:00,20 だ,1.0
197,"(24.1837584, 120.6037066)","(24.1326933, 120.661312)",2018-01-09 07:39:00,28 だ,1.0
198,"(24.1837584, 120.6037066)","(24.1065458, 120.5970578)",2018-01-09 11:55:00,23 だ,1.0
199,"(24.1837584, 120.6037066)","(24.1489478, 120.6368461)",2018-01-09 19:40:00,21 だ,1.0
200,"(24.1837584, 120.6037066)","(24.1229923, 120.5828689)",2018-01-09 04:29:00,23 だ,1.0
201,"(24.1837584, 120.6037066)","(24.1363288, 120.628231)",2018-01-09 20:57:00,21 だ,1.0
202,"(24.1837584, 120.6037066)","(24.1519644, 120.6606451)",2018-01-09 17:21:00,23 だ,1.0
203,"(24.1837584, 120.6037066)","(24.1010749, 120.6539415)",2018-01-09 19:28:00,28 だ,1.0
204,"(24.1837584, 120.6037066)","(24.1097667, 120.6662932)",2018-01-09 04:45:00,33 だ,1.0
205,"(24.1837584, 120.6037066)","(24.1303436, 120.5311401)",2018-01-09 11:01:00,24 だ,1.0
206,"(24.1837584, 120.6037066)","(24.1008654, 120.5846626)",2018-01-09 05:28:00,21 だ,1.0
207,"(24.1837584, 120.6037066)","(24.188554, 120.5813578)",2018-01-09 03:40:00,6 だ,1.0
208,"(24.1837584, 120.6037066)","(24.1500069, 120.552323)",2018-01-09 10:20:00,23 だ,1.0
209,"(24.1837584, 120.6037066)","(24.1593148, 120.5813316)",2018-01-09 08:30:00,18 だ,1.0
210,"(24.1837584, 120.6037066)","(24.1301836, 120.6143837)",2018-01-09 21:51:00,22 だ,1.0
211,"(24.1837584, 120.6037066)","(24.1957781, 120.6799753)",2018-01-09 13:32:00,20 だ,1.0
212,"(24.1837584, 120.6037066)","(24.1854212, 120.5833357)",2018-01-09 19:36:00,8 だ,1.0
213,"(24.1837584, 120.6037066)","(24.1715421, 120.512725)",2018-01-09 02:40:00,22 だ,1.0
214,"(24.1837584, 120.6037066)","(24.1876099, 120.522657)",2018-01-09 13:25:00,25 だ,1.0
215,"(24.1837584, 120.6037066)","(24.1790935, 120.5227241)",2018-01-09 02:05:00,27 だ,1.0
216,"(24.1837584, 120.6037066)","(24.133476, 120.553486)",2018-01-09 13:57:00,26 だ,1.0
217,"(24.1837584, 120.6037066)","(24.1560603, 120.6866783)",2018-01-09 18:29:00,33 だ,1.0
218,"(24.1837584, 120.6037066)","(24.1141337, 120.5445857)",2018-01-09 20:58:00,24 だ,1.0
219,"(24.1837584, 120.6037066)","(24.150053, 120.5950859)",2018-01-09 21:38:00,17 だ,1.0
220,"(24.1837584, 120.6037066)","(24.118853, 120.5942219)",2018-01-09 17:09:00,27 だ,1.0
221,"(24.1837584, 120.6037066)","(24.1330378, 120.6415684)",2018-01-09 20:02:00,24 だ,1.0
222,"(24.1837584, 120.6037066)","(24.1868714, 120.6099535)",2018-01-09 14:22:00,4 だ,1.0
223,"(24.1837584, 120.6037066)","(24.1863133, 120.5293387)",2018-01-09 18:14:00,25 だ,1.0
224,"(24.1837584, 120.6037066)","(24.1510051, 120.5913138)",2018-01-09 14:54:00,20 だ,1.0
225,"(24.1837584, 120.6037066)","(24.1510734, 120.6852518)",2018-01-09 03:14:00,33 だ,1.0
226,"(24.1837584, 120.6037066)","(24.1343834, 120.5403565)",2018-01-09 18:18:00,27 だ,1.0
227,"(24.1837584, 120.6037066)","(24.1375532, 120.652975)",2018-01-09 20:57:00,26 だ,1.0
228,"(24.1837584, 120.6037066)","(24.1757101, 120.5855648)",2018-01-09 13:10:00,13 だ,1.0
229,"(24.1837584, 120.6037066)","(24.1289636, 120.6949187)",2018-01-09 20:32:00,36 だ,1.0
230,"(24.1837584, 120.6037066)","(24.1618749, 120.6720996)",2018-01-09 21:34:00,25 だ,1.0
231,"(24.1837584, 120.6037066)","(24.1308345, 120.547804)",2018-01-09 03:32:00,27 だ,1.0
232,"(24.1837584, 120.6037066)","(24.1007225, 120.5852231)",2018-01-09 20:35:00,21 だ,1.0
233,"(24.1837584, 120.6037066)","(24.1258433, 120.5508342)",2018-01-09 08:45:00,26 だ,1.0
234,"(24.1837584, 120.6037066)","(24.1042498, 120.5936925)",2018-01-09 21:28:00,22 だ,1.0
235,"(24.1837584, 120.6037066)","(24.1067938, 120.5776934)",2018-01-09 05:47:00,25 だ,1.0
236,"(24.1837584, 120.6037066)","(24.1420088, 120.5767215)",2018-01-09 10:07:00,24 だ,1.0
237,"(24.1837584, 120.6037066)","(24.1104707, 120.6055814)",2018-01-09 07:28:00,22 だ,1.0
238,"(24.1837584, 120.6037066)","(24.1349376, 120.685424)",2018-01-09 20:19:00,33 だ,1.0
239,"(24.1837584, 120.6037066)","(24.1425335, 120.5418755)",2018-01-09 09:24:00,28 だ,1.0
240,"(24.1837584, 120.6037066)","(24.1912213, 120.5865068)",2018-01-09 12:41:00,7 だ,1.0
241,"(24.1837584, 120.6037066)","(24.1547004, 120.6949062)",2018-01-09 02:38:00,34 だ,1.0
242,"(24.1837584, 120.6037066)","(24.1975476, 120.5435975)",2018-01-09 06:50:00,19 だ,1.0
243,"(24.1837584, 120.6037066)","(24.115543, 120.5317042)",2018-01-09 19:27:00,23 だ,1.0
244,"(24.1837584, 120.6037066)","(24.1888269, 120.5943876)",2018-01-09 14:47:00,7 だ,1.0
245,"(24.1837584, 120.6037066)","(24.1312265, 120.6002916)",2018-01-09 11:19:00,25 だ,1.0
246,"(24.1837584, 120.6037066)","(24.1670504, 120.6119249)",2018-01-09 08:38:00,12 だ,1.0
247,"(24.1837584, 120.6037066)","(24.1569596, 120.6717741)",2018-01-09 20:51:00,26 だ,1.0
248,"(24.1837584, 120.6037066)","(24.1785731, 120.5777721)",2018-01-09 04:40:00,12 だ,1.0
249,"(24.1837584, 120.6037066)","(24.1260858, 120.5981412)",2018-01-09 11:28:00,31 だ,1.0
250,"(24.1837584, 120.6037066)","(24.188807, 120.5658069)",2018-01-09 04:17:00,21 だ,1.0
251,"(24.1837584, 120.6037066)","(24.1182094, 120.6801646)",2018-01-09 07:20:00,36 だ,1.0
252,"(24.1837584, 120.6037066)","(24.154048, 120.6400029)",2018-01-09 15:46:00,20 だ,1.0
253,"(24.1837584, 120.6037066)","(24.1998746, 120.6429768)",2018-01-09 21:31:00,15 だ,1.0
254,"(24.1837584, 120.6037066)","(24.1644015, 120.6292291)",2018-01-09 04:04:00,15 だ,1.0
255,"(24.1837584, 120.6037066)","(24.1654545, 120.5887503)",2018-01-09 11:21:00,14 だ,1.0
256,"(24.1837584, 120.6037066)","(24.1944424, 120.6240622)",2018-01-09 05:42:00,10 だ,1.0
257,"(24.1837584, 120.6037066)","(24.1393358, 120.6286226)",2018-01-09 16:21:00,20 だ,1.0
258,"(24.1837584, 120.6037066)","(24.1731338, 120.6211322)",2018-01-09 16:29:00,13 だ,1.0
259,"(24.1837584, 120.6037066)","(24.1949298, 120.6613089)",2018-01-09 17:05:00,19 だ,1.0
260,"(24.1837584, 120.6037066)","(24.1818148, 120.6128004)",2018-01-09 09:21:00,9 だ,1.0
261,"(24.1837584, 120.6037066)","(24.1963596, 120.6248339)",2018-01-09 17:51:00,11 だ,1.0
262,"(24.1837584, 120.6037066)","(24.1829559, 120.5777874)",2018-01-09 15:12:00,10 だ,1.0
263,"(24.1837584, 120.6037066)","(24.1796846, 120.6811744)",2018-01-09 13:33:00,23 だ,1.0
264,"(24.1837584, 120.6037066)","(24.1947983, 120.5606604)",2018-01-09 20:48:00,16 だ,1.0
265,"(24.1837584, 120.6037066)","(24.1536224, 120.6632421)",2018-01-09 08:02:00,22 だ,1.0
266,"(24.1837584, 120.6037066)","(24.1474346, 120.591452)",2018-01-09 09:41:00,20 だ,1.0
267,"(24.1837584, 120.6037066)","(24.1980515, 120.5833995)",2018-01-09 02:10:00,8 だ,1.0
268,"(24.1837584, 120.6037066)","(24.1345272, 120.6869537)",2018-01-09 10:15:00,35 だ,1.0
269,"(24.1837584, 120.6037066)","(24.1494994, 120.6799655)",2018-01-09 12:05:00,29 だ,1.0
270,"(24.1837584, 120.6037066)","(24.1433053, 120.6339008)",2018-01-09 04:36:00,19 だ,1.0
271,"(24.1837584, 120.6037066)","(24.1915254, 120.6924832)",2018-01-09 04:04:00,23 だ,1.0
272,"(24.1837584, 120.6037066)","(24.1324621, 120.6717658)",2018-01-09 05:18:00,31 だ,1.0
273,"(24.1837584, 120.6037066)","(24.1305676, 120.5984696)",2018-01-09 19:26:00,25 だ,1.0
274,"(24.1837584, 120.6037066)","(24.1491271, 120.6131998)",2018-01-09 16:12:00,18 だ,1.0
275,"(24.1837584, 120.6037066)","(24.1409956, 120.6027081)",2018-01-09 17:01:00,24 だ,1.0
276,"(24.1837584, 120.6037066)","(24.1982666, 120.5435176)",2018-01-09 21:43:00,20 だ,1.0
277,"(24.1837584, 120.6037066)","(24.1036178, 120.5888428)",2018-01-09 07:50:00,21 だ,1.0
278,"(24.1837584, 120.6037066)","(24.1935006, 120.5052617)",2018-01-09 18:03:00,25 だ,1.0
279,"(24.1837584, 120.6037066)","(24.1496137, 120.5976113)",2018-01-09 10:04:00,18 だ,1.0
280,"(24.1837584, 120.6037066)","(24.1717035, 120.5972879)",2018-01-09 05:03:00,18 だ,1.0
281,"(24.1837584, 120.6037066)","(24.183494, 120.6290142)",2018-01-09 13:52:00,11 だ,1.0
282,"(24.1837584, 120.6037066)","(24.187883, 120.5592733)",2018-01-09 03:18:00,14 だ,1.0
283,"(24.1837584, 120.6037066)","(24.1671334, 120.6181724)",2018-01-09 19:36:00,13 だ,1.0
284,"(24.1837584, 120.6037066)","(24.1037586, 120.5322297)",2018-01-09 17:51:00,26 だ,1.0
285,"(24.1837584, 120.6037066)","(24.1272201, 120.6077544)",2018-01-09 02:37:00,23 だ,1.0
286,"(24.1837584, 120.6037066)","(24.1956229, 120.5002334)",2018-01-09 04:39:00,27 だ,1.0
287,"(24.1837584, 120.6037066)","(24.1039102, 120.5840236)",2018-01-09 13:29:00,26 だ,1.0
288,"(24.1837584, 120.6037066)","(24.1815531, 120.5612151)",2018-01-09 04:58:00,20 だ,1.0
289,"(24.1837584, 120.6037066)","(24.1065886, 120.5565537)",2018-01-09 17:37:00,23 だ,1.0
290,"(24.1837584, 120.6037066)","(24.107838, 120.5587574)",2018-01-09 18:45:00,25 だ,1.0
291,"(24.1837584, 120.6037066)","(24.1582652, 120.5388031)",2018-01-09 02:50:00,26 だ,1.0
292,"(24.1837584, 120.6037066)","(24.1957082, 120.6915534)",2018-01-09 16:08:00,22 だ,1.0
293,"(24.1837584, 120.6037066)","(24.1406409, 120.5808754)",2018-01-09 11:25:00,21 だ,1.0
294,"(24.1837584, 120.6037066)","(24.1498728, 120.6864055)",2018-01-09 13:53:00,33 だ,1.0
295,"(24.1837584, 120.6037066)","(24.1897956, 120.5795083)",2018-01-09 03:19:00,10 だ,1.0
296,"(24.1837584, 120.6037066)","(24.1906149, 120.5271882)",2018-01-09 15:47:00,23 だ,1.0
297,"(24.1837584, 120.6037066)","(24.1592748, 120.5777635)",2018-01-09 08:42:00,17 だ,1.0
298,"(24.1837584, 120.6037066)","(24.1434676, 120.6456547)",2018-01-09 04:58:00,24 だ,1.0
299,"(24.1837584, 120.6037066)","(24.1516446, 120.5027341)",2018-01-09 19:53:00,22 だ,1.0
300,"(24.1837584, 120.6037066)","(24.1968799, 120.5862751)",2018-01-09 13:15:00,10 だ,1.0
301,"(24.1837584, 120.6037066)","(24.1118386, 120.6650342)",2018-01-09 06:53:00,36 だ,1.0
302,"(24.1837584, 120.6037066)","(24.156181, 120.5656694)",2018-01-09 12:55:00,18 だ,1.0
303,"(24.1837584, 120.6037066)","(24.152233, 120.5863089)",2018-01-09 22:08:00,22 だ,1.0
304,"(24.1837584, 120.6037066)","(24.1754105, 120.5984969)",2018-01-09 11:03:00,12 だ,1.0
305,"(24.1837584, 120.6037066)","(24.1307806, 120.5304151)",2018-01-09 19:13:00,23 だ,1.0
306,"(24.1837584, 120.6037066)","(24.1371103, 120.6512685)",2018-01-09 17:26:00,29 だ,1.0
307,"(24.1837584, 120.6037066)","(24.1701472, 120.6872205)",2018-01-09 11:53:00,28 だ,1.0
308,"(24.1837584, 120.6037066)","(24.1906571, 120.5926308)",2018-01-09 19:18:00,7 だ,1.0
309,"(24.1837584, 120.6037066)","(24.1529088, 120.517466)",2018-01-09 05:29:00,20 だ,1.0
310,"(24.1837584, 120.6037066)","(24.1664877, 120.6474413)",2018-01-09 12:02:00,17 だ,1.0
311,"(24.1837584, 120.6037066)","(24.1491639, 120.6563981)",2018-01-09 04:22:00,23 だ,1.0
312,"(24.1837584, 120.6037066)","(24.1677892, 120.5265307)",2018-01-09 07:38:00,29 だ,1.0
313,"(24.1837584, 120.6037066)","(24.1525359, 120.593445)",2018-01-09 13:38:00,18 だ,1.0
314,"(24.1837584, 120.6037066)","(24.1882347, 120.6474881)",2018-01-09 11:43:00,18 だ,1.0
315,"(24.1837584, 120.6037066)","(24.1801345, 120.5395473)",2018-01-09 17:05:00,21 だ,1.0
316,"(24.1837584, 120.6037066)","(24.1950715, 120.6940135)",2018-01-09 15:40:00,22 だ,1.0
317,"(24.1837584, 120.6037066)","(24.1324673, 120.502641)",2018-01-09 08:40:00,23 だ,1.0
318,"(24.1837584, 120.6037066)","(24.1522822, 120.6527738)",2018-01-09 05:47:00,23 だ,1.0
319,"(24.1837584, 120.6037066)","(24.1558766, 120.6274812)",2018-01-09 08:54:00,16 だ,1.0
320,"(24.1837584, 120.6037066)","(24.1633929, 120.6907029)",2018-01-09 07:51:00,30 だ,1.0
321,"(24.1837584, 120.6037066)","(24.1661759, 120.5792866)",2018-01-09 03:25:00,15 だ,1.0
322,"(24.1837584, 120.6037066)","(24.1010126, 120.5554949)",2018-01-09 09:22:00,20 だ,1.0
323,"(24.1837584, 120.6037066)","(24.1686184, 120.6617357)",2018-01-09 08:08:00,24 だ,1.0
324,"(24.1837584, 120.6037066)","(24.1966815, 120.5189516)",2018-01-09 08:30:00,23 だ,1.0
325,"(24.1837584, 120.6037066)","(24.183688, 120.5567667)",2018-01-09 22:35:00,20 だ,1.0
326,"(24.1837584, 120.6037066)","(24.1640162, 120.5518033)",2018-01-09 16:22:00,25 だ,1.0
327,"(24.1837584, 120.6037066)","(24.146507, 120.6682066)",2018-01-09 17:14:00,27 だ,1.0
328,"(24.1837584, 120.6037066)","(24.1276235, 120.6568318)",2018-01-09 20:58:00,29 だ,1.0
329,"(24.1837584, 120.6037066)","(24.1642755, 120.5667718)",2018-01-09 10:54:00,19 だ,1.0
330,"(24.1837584, 120.6037066)","(24.1681896, 120.5417398)",2018-01-09 15:23:00,22 だ,1.0
331,"(24.1837584, 120.6037066)","(24.1697302, 120.5144181)",2018-01-09 15:03:00,22 だ,1.0
332,"(24.1837584, 120.6037066)","(24.1377824, 120.597958)",2018-01-09 09:34:00,21 だ,1.0
333,"(24.1837584, 120.6037066)","(24.1924638, 120.5495914)",2018-01-09 10:09:00,17 だ,1.0
334,"(24.1837584, 120.6037066)","(24.131504, 120.635747)",2018-01-09 14:05:00,23 だ,1.0
335,"(24.1837584, 120.6037066)","(24.1813737, 120.5338441)",2018-01-09 11:18:00,23 だ,1.0
336,"(24.1837584, 120.6037066)","(24.1619243, 120.6071883)",2018-01-09 12:03:00,13 だ,1.0
337,"(24.1837584, 120.6037066)","(24.1775637, 120.5329037)",2018-01-09 19:13:00,23 だ,1.0
338,"(24.1837584, 120.6037066)","(24.1721782, 120.6735004)",2018-01-09 19:12:00,26 だ,1.0
339,"(24.1837584, 120.6037066)","(24.1723072, 120.6383953)",2018-01-09 21:50:00,14 だ,1.0
340,"(24.1837584, 120.6037066)","(24.1012015, 120.5095692)",2018-01-09 20:15:00,28 だ,1.0
341,"(24.1837584, 120.6037066)","(24.1389425, 120.5194873)",2018-01-09 20:02:00,22 だ,1.0
342,"(24.1837584, 120.6037066)","(24.1865045, 120.6990237)",2018-01-09 11:17:00,25 だ,1.0
343,"(24.1837584, 120.6037066)","(24.1605192, 120.5312487)",2018-01-09 04:09:00,28 だ,1.0
344,"(24.1837584, 120.6037066)","(24.11571, 120.5522608)",2018-01-09 22:53:00,29 だ,1.0
345,"(24.1837584, 120.6037066)","(24.1495472, 120.5963402)",2018-01-09 10:54:00,17 だ,1.0
346,"(24.1837584, 120.6037066)","(24.1532758, 120.6641157)",2018-01-09 07:04:00,23 だ,1.0
347,"(24.1837584, 120.6037066)","(24.1852393, 120.5298862)",2018-01-09 20:31:00,24 だ,1.0
348,"(24.1837584, 120.6037066)","(24.1535956, 120.6074012)",2018-01-09 03:23:00,16 だ,1.0
349,"(24.1837584, 120.6037066)","(24.1550528, 120.5426595)",2018-01-09 07:49:00,25 だ,1.0
350,"(24.1837584, 120.6037066)","(24.1735866, 120.5232143)",2018-01-09 05:28:00,29 だ,1.0
351,"(24.1837584, 120.6037066)","(24.1712144, 120.6515094)",2018-01-09 20:19:00,20 だ,1.0
352,"(24.1837584, 120.6037066)","(24.1016391, 120.5419481)",2018-01-09 06:03:00,26 だ,1.0
353,"(24.1837584, 120.6037066)","(24.197864, 120.6497656)",2018-01-09 07:27:00,16 だ,1.0
354,"(24.1837584, 120.6037066)","(24.1982857, 120.6713301)",2018-01-09 17:29:00,18 だ,1.0
355,"(24.1837584, 120.6037066)","(24.1631117, 120.5483008)",2018-01-09 13:06:00,24 だ,1.0
356,"(24.1837584, 120.6037066)","(24.1421803, 120.6087236)",2018-01-09 18:51:00,21 だ,1.0
357,"(24.1837584, 120.6037066)","(24.1363948, 120.6148377)",2018-01-09 03:47:00,25 だ,1.0
358,"(24.1837584, 120.6037066)","(24.1246421, 120.5730367)",2018-01-09 07:27:00,24 だ,1.0
359,"(24.1837584, 120.6037066)","(24.1546664, 120.6884083)",2018-01-09 11:30:00,33 だ,1.0
360,"(24.1837584, 120.6037066)","(24.1320142, 120.5509671)",2018-01-09 22:35:00,26 だ,1.0
361,"(24.1837584, 120.6037066)","(24.1357056, 120.5196025)",2018-01-09 19:08:00,20 だ,1.0
362,"(24.1837584, 120.6037066)","(24.1643069, 120.5209112)",2018-01-09 02:14:00,30 だ,1.0
363,"(24.1837584, 120.6037066)","(24.1758421, 120.6532928)",2018-01-09 16:05:00,20 だ,1.0
364,"(24.1837584, 120.6037066)","(24.1756814, 120.6005924)",2018-01-09 02:25:00,13 だ,1.0
365,"(24.1837584, 120.6037066)","(24.171556, 120.5563789)",2018-01-09 21:17:00,25 だ,1.0
366,"(24.1837584, 120.6037066)","(24.1575394, 120.6734527)",2018-01-09 10:05:00,27 だ,1.0
367,"(24.1837584, 120.6037066)","(24.1797142, 120.6783067)",2018-01-09 20:07:00,23 だ,1.0
368,"(24.1837584, 120.6037066)","(24.1555464, 120.6128645)",2018-01-09 07:42:00,17 だ,1.0
369,"(24.1837584, 120.6037066)","(24.1037907, 120.5094892)",2018-01-09 16:54:00,27 だ,1.0
370,"(24.1837584, 120.6037066)","(24.198529, 120.5261728)",2018-01-09 12:50:00,23 だ,1.0
371,"(24.1837584, 120.6037066)","(24.1713755, 120.5757719)",2018-01-09 20:57:00,14 だ,1.0
372,"(24.1837584, 120.6037066)","(24.142911, 120.5786578)",2018-01-09 18:14:00,20 だ,1.0
373,"(24.1837584, 120.6037066)","(24.1104532, 120.6844142)",2018-01-09 17:01:00,36 だ,1.0
374,"(24.1837584, 120.6037066)","(24.1383676, 120.6943141)",2018-01-09 15:25:00,34 だ,1.0
375,"(24.1837584, 120.6037066)","(24.1810149, 120.6589212)",2018-01-09 03:20:00,22 だ,1.0
376,"(24.1837584, 120.6037066)","(24.1145283, 120.6927501)",2018-01-09 14:58:00,37 だ,1.0
377,"(24.1837584, 120.6037066)","(24.1720228, 120.5445416)",2018-01-09 07:43:00,23 だ,1.0
378,"(24.1837584, 120.6037066)","(24.1266507, 120.5305497)",2018-01-09 07:11:00,23 だ,1.0
379,"(24.1837584, 120.6037066)","(24.1041764, 120.6571568)",2018-01-09 07:41:00,28 だ,1.0
380,"(24.1837584, 120.6037066)","(24.1234806, 120.5296071)",2018-01-09 02:20:00,19 だ,1.0
381,"(24.1837584, 120.6037066)","(24.1813038, 120.6484619)",2018-01-09 03:44:00,19 だ,1.0
382,"(24.1837584, 120.6037066)","(24.1672126, 120.5955752)",2018-01-09 21:09:00,15 だ,1.0
383,"(24.1837584, 120.6037066)","(24.1483668, 120.5068905)",2018-01-09 05:14:00,21 だ,1.0
384,"(24.1837584, 120.6037066)","(24.1616078, 120.5134088)",2018-01-09 14:51:00,21 だ,1.0
385,"(24.1837584, 120.6037066)","(24.1935031, 120.5249937)",2018-01-09 20:44:00,24 だ,1.0
386,"(24.1837584, 120.6037066)","(24.1221465, 120.5823173)",2018-01-09 10:29:00,23 だ,1.0
387,"(24.1837584, 120.6037066)","(24.1210498, 120.5252056)",2018-01-09 21:54:00,21 だ,1.0
388,"(24.1837584, 120.6037066)","(24.172542, 120.5805618)",2018-01-09 18:32:00,12 だ,1.0
389,"(24.1837584, 120.6037066)","(24.1635411, 120.5814821)",2018-01-09 15:15:00,16 だ,1.0
390,"(24.1837584, 120.6037066)","(24.1129118, 120.6824686)",2018-01-09 08:18:00,38 だ,1.0
391,"(24.1837584, 120.6037066)","(24.1716933, 120.5020194)",2018-01-09 22:24:00,25 だ,1.0
392,"(24.1837584, 120.6037066)","(24.1963474, 120.6469214)",2018-01-09 16:48:00,17 だ,1.0
393,"(24.1837584, 120.6037066)","(24.1606483, 120.6711221)",2018-01-09 18:20:00,26 だ,1.0
394,"(24.1837584, 120.6037066)","(24.1827674, 120.5010762)",2018-01-09 14:21:00,24 だ,1.0
395,"(24.1837584, 120.6037066)","(24.1464646, 120.5249721)",2018-01-09 04:10:00,33 だ,1.0
396,"(24.1837584, 120.6037066)","(24.1357027, 120.6450008)",2018-01-09 08:48:00,25 だ,1.0
397,"(24.1837584, 120.6037066)","(24.1587669, 120.6279908)",2018-01-09 07:19:00,15 だ,1.0
398,"(24.1837584, 120.6037066)","(24.1760771, 120.6769714)",2018-01-09 14:31:00,23 だ,1.0
399,"(24.1837584, 120.6037066)","(24.1583334, 120.5996228)",2018-01-09 07:11:00,17 だ,1.0
400,"(24.1837584, 120.6037066)","(24.1585476, 120.6933621)",2018-01-09 20:25:00,33 だ,1.0
401,"(24.1837584, 120.6037066)","(24.1843269, 120.5714554)",2018-01-09 08:07:00,11 だ,1.0
402,"(24.1837584, 120.6037066)","(24.1051189, 120.6516557)",2018-01-09 07:44:00,26 だ,1.0
403,"(24.1837584, 120.6037066)","(24.1713729, 120.6506828)",2018-01-09 16:18:00,19 だ,1.0
404,"(24.1837584, 120.6037066)","(24.1365731, 120.5817916)",2018-01-09 05:04:00,29 だ,1.0
405,"(24.1837584, 120.6037066)","(24.1075149, 120.6364412)",2018-01-09 07:21:00,28 だ,1.0
406,"(24.1837584, 120.6037066)","(24.1282404, 120.6473009)",2018-01-09 17:54:00,28 だ,1.0
407,"(24.1837584, 120.6037066)","(24.1789757, 120.6231033)",2018-01-09 13:09:00,10 だ,1.0
408,"(24.1837584, 120.6037066)","(24.1040511, 120.6303347)",2018-01-09 13:59:00,25 だ,1.0
409,"(24.1837584, 120.6037066)","(24.1832633, 120.5130051)",2018-01-09 11:07:00,28 だ,1.0
410,"(24.1837584, 120.6037066)","(24.1158132, 120.5010426)",2018-01-09 04:36:00,27 だ,1.0
411,"(24.1837584, 120.6037066)","(24.1660066, 120.6899187)",2018-01-09 16:07:00,31 だ,1.0
412,"(24.1837584, 120.6037066)","(24.1938948, 120.6020037)",2018-01-09 10:54:00,6 だ,1.0
413,"(24.1837584, 120.6037066)","(24.1434221, 120.6791549)",2018-01-09 20:28:00,28 だ,1.0
414,"(24.1837584, 120.6037066)","(24.1314446, 120.5202289)",2018-01-09 08:16:00,20 だ,1.0
415,"(24.1837584, 120.6037066)","(24.1252412, 120.5942822)",2018-01-09 18:54:00,28 だ,1.0
416,"(24.1837584, 120.6037066)","(24.1580865, 120.5662167)",2018-01-09 02:48:00,18 だ,1.0
417,"(24.1837584, 120.6037066)","(24.1418661, 120.546332)",2018-01-09 17:07:00,25 だ,1.0
418,"(24.1837584, 120.6037066)","(24.1013753, 120.593727)",2018-01-09 07:53:00,26 だ,1.0
419,"(24.1837584, 120.6037066)","(24.1048728, 120.624642)",2018-01-09 14:26:00,24 だ,1.0
420,"(24.1837584, 120.6037066)","(24.1189364, 120.6552034)",2018-01-09 13:30:00,29 だ,1.0
421,"(24.1837584, 120.6037066)","(24.1990809, 120.590017)",2018-01-09 17:55:00,11 だ,1.0
422,"(24.1837584, 120.6037066)","(24.1284127, 120.5985449)",2018-01-09 11:28:00,27 だ,1.0
423,"(24.1837584, 120.6037066)","(24.1932881, 120.6526927)",2018-01-09 03:13:00,17 だ,1.0
424,"(24.1837584, 120.6037066)","(24.14674, 120.6924734)",2018-01-09 09:59:00,34 だ,1.0
425,"(24.1837584, 120.6037066)","(24.1641091, 120.5364252)",2018-01-09 21:41:00,25 だ,1.0
426,"(24.1837584, 120.6037066)","(24.19769, 120.6666896)",2018-01-09 18:07:00,19 だ,1.0
427,"(24.1837584, 120.6037066)","(24.1510066, 120.6723927)",2018-01-09 21:20:00,25 だ,1.0
428,"(24.1837584, 120.6037066)","(24.1000661, 120.6351633)",2018-01-09 04:27:00,25 だ,1.0
429,"(24.1837584, 120.6037066)","(24.1238804, 120.6714648)",2018-01-09 10:17:00,35 だ,1.0
430,"(24.1837584, 120.6037066)","(24.14938, 120.6697082)",2018-01-09 18:41:00,25 だ,1.0
431,"(24.1837584, 120.6037066)","(24.1930678, 120.53985)",2018-01-09 09:26:00,20 だ,1.0
432,"(24.1837584, 120.6037066)","(24.1900652, 120.5734716)",2018-01-09 04:39:00,10 だ,1.0
433,"(24.1837584, 120.6037066)","(24.1706648, 120.5787243)",2018-01-09 12:37:00,13 だ,1.0
434,"(24.1837584, 120.6037066)","(24.1644498, 120.5987174)",2018-01-09 10:14:00,17 だ,1.0
435,"(24.1837584, 120.6037066)","(24.1928898, 120.5621353)",2018-01-09 04:26:00,16 だ,1.0
436,"(24.1837584, 120.6037066)","(24.1497452, 120.6979709)",2018-01-09 19:25:00,32 だ,1.0
437,"(24.1837584, 120.6037066)","(24.1530514, 120.5788382)",2018-01-09 22:14:00,19 だ,1.0
438,"(24.1837584, 120.6037066)","(24.1190638, 120.609327)",2018-01-09 03:32:00,20 だ,1.0
439,"(24.1837584, 120.6037066)","(24.1506157, 120.5695751)",2018-01-09 16:45:00,18 だ,1.0
440,"(24.1837584, 120.6037066)","(24.1157327, 120.5119938)",2018-01-09 16:47:00,24 だ,1.0
441,"(24.1837584, 120.6037066)","(24.1979903, 120.6563885)",2018-01-09 18:35:00,18 だ,1.0
442,"(24.1837584, 120.6037066)","(24.1188677, 120.5550676)",2018-01-09 14:00:00,25 だ,1.0
443,"(24.1837584, 120.6037066)","(24.1041912, 120.5157363)",2018-01-09 12:38:00,25 だ,1.0
444,"(24.1837584, 120.6037066)","(24.1501699, 120.5506766)",2018-01-09 10:24:00,23 だ,1.0
445,"(24.1837584, 120.6037066)","(24.1268378, 120.6178895)",2018-01-09 10:53:00,23 だ,1.0
446,"(24.1837584, 120.6037066)","(24.1741969, 120.5295918)",2018-01-09 14:26:00,26 だ,1.0
447,"(24.1837584, 120.6037066)","(24.1387802, 120.5438545)",2018-01-09 20:44:00,28 だ,1.0
448,"(24.1837584, 120.6037066)","(24.1285272, 120.6783503)",2018-01-09 15:01:00,33 だ,1.0
449,"(24.1837584, 120.6037066)","(24.1852066, 120.6125799)",2018-01-09 04:06:00,7 だ,1.0
450,"(24.1837584, 120.6037066)","(24.1664473, 120.6479434)",2018-01-09 02:28:00,17 だ,1.0
451,"(24.1837584, 120.6037066)","(24.1986641, 120.5628872)",2018-01-09 20:17:00,15 だ,1.0
452,"(24.1837584, 120.6037066)","(24.1524738, 120.6267396)",2018-01-09 16:42:00,18 だ,1.0
453,"(24.1837584, 120.6037066)","(24.1241397, 120.6667893)",2018-01-09 09:21:00,32 だ,1.0
454,"(24.1837584, 120.6037066)","(24.1795292, 120.6213529)",2018-01-09 06:28:00,10 だ,1.0
455,"(24.1837584, 120.6037066)","(24.1753073, 120.5397684)",2018-01-09 02:38:00,22 だ,1.0
456,"(24.1837584, 120.6037066)","(24.1404314, 120.5249578)",2018-01-09 05:07:00,19 だ,1.0
457,"(24.1837584, 120.6037066)","(24.1569084, 120.6980244)",2018-01-09 21:17:00,32 だ,1.0
458,"(24.1837584, 120.6037066)","(24.1009839, 120.5813846)",2018-01-09 03:05:00,26 だ,1.0
459,"(24.1837584, 120.6037066)","(24.1778521, 120.539592)",2018-01-09 13:06:00,22 だ,1.0
460,"(24.1837584, 120.6037066)","(24.1449842, 120.6408484)",2018-01-09 11:18:00,23 だ,1.0
461,"(24.1837584, 120.6037066)","(24.1240174, 120.6036786)",2018-01-09 04:15:00,27 だ,1.0
462,"(24.1837584, 120.6037066)","(24.1609268, 120.618162)",2018-01-09 11:12:00,14 だ,1.0
463,"(24.1837584, 120.6037066)","(24.1584446, 120.6506656)",2018-01-09 11:56:00,20 だ,1.0
464,"(24.1837584, 120.6037066)","(24.1889806, 120.5492075)",2018-01-09 14:04:00,17 だ,1.0
465,"(24.1837584, 120.6037066)","(24.1712714, 120.6928174)",2018-01-09 04:26:00,31 だ,1.0
466,"(24.1837584, 120.6037066)","(24.1386982, 120.5880067)",2018-01-09 19:55:00,22 だ,1.0
467,"(24.1837584, 120.6037066)","(24.1622785, 120.6788696)",2018-01-09 19:36:00,27 だ,1.0
468,"(24.1837584, 120.6037066)","(24.1345674, 120.5605346)",2018-01-09 11:24:00,28 だ,1.0
469,"(24.1837584, 120.6037066)","(24.1365087, 120.5223325)",2018-01-09 05:40:00,17 だ,1.0
470,"(24.1837584, 120.6037066)","(24.1513195, 120.5259026)",2018-01-09 06:59:00,32 だ,1.0
471,"(24.1837584, 120.6037066)","(24.1126461, 120.652164)",2018-01-09 21:32:00,27 だ,1.0
472,"(24.1837584, 120.6037066)","(24.1147616, 120.6004982)",2018-01-09 20:09:00,26 だ,1.0
473,"(24.1837584, 120.6037066)","(24.1681171, 120.5326357)",2018-01-09 11:12:00,27 だ,1.0
474,"(24.1837584, 120.6037066)","(24.145436, 120.5802597)",2018-01-09 07:14:00,21 だ,1.0
475,"(24.1837584, 120.6037066)","(24.1994696, 120.6233081)",2018-01-09 02:44:00,12 だ,1.0
476,"(24.1837584, 120.6037066)","(24.1845201, 120.6969093)",2018-01-09 16:17:00,26 だ,1.0
477,"(24.1837584, 120.6037066)","(24.1617606, 120.5937906)",2018-01-09 03:34:00,15 だ,1.0
478,"(24.1837584, 120.6037066)","(24.1573732, 120.6321441)",2018-01-09 19:29:00,17 だ,1.0
479,"(24.1837584, 120.6037066)","(24.1994535, 120.5091122)",2018-01-09 08:13:00,27 だ,1.0
480,"(24.1837584, 120.6037066)","(24.1508838, 120.6902026)",2018-01-09 16:49:00,34 だ,1.0
481,"(24.1837584, 120.6037066)","(24.1729184, 120.5146713)",2018-01-09 18:41:00,22 だ,1.0
482,"(24.1837584, 120.6037066)","(24.171122, 120.6976221)",2018-01-09 22:47:00,28 だ,1.0
483,"(24.1837584, 120.6037066)","(24.1837582, 120.5918512)",2018-01-09 11:00:00,4 だ,1.0
484,"(24.1837584, 120.6037066)","(24.1535842, 120.6973223)",2018-01-09 05:15:00,35 だ,1.0
485,"(24.1837584, 120.6037066)","(24.1700863, 120.6473416)",2018-01-09 20:11:00,18 だ,1.0
486,"(24.1837584, 120.6037066)","(24.1382446, 120.6257761)",2018-01-09 02:41:00,20 だ,1.0
487,"(24.1837584, 120.6037066)","(24.1058933, 120.5068668)",2018-01-09 10:27:00,27 だ,1.0
488,"(24.1837584, 120.6037066)","(24.144706, 120.5746579)",2018-01-09 17:05:00,23 だ,1.0
489,"(24.1837584, 120.6037066)","(24.1658816, 120.5545342)",2018-01-09 02:04:00,27 だ,1.0
490,"(24.1837584, 120.6037066)","(24.1614518, 120.5135268)",2018-01-09 13:08:00,21 だ,1.0
491,"(24.1837584, 120.6037066)","(24.1127181, 120.6257303)",2018-01-09 02:37:00,24 だ,1.0
492,"(24.1837584, 120.6037066)","(24.1376079, 120.5966854)",2018-01-09 15:25:00,21 だ,1.0
493,"(24.1837584, 120.6037066)","(24.1237663, 120.5154946)",2018-01-09 03:18:00,23 だ,1.0
494,"(24.1837584, 120.6037066)","(24.1908338, 120.5072893)",2018-01-09 14:39:00,26 だ,1.0
495,"(24.1837584, 120.6037066)","(24.1143764, 120.6109986)",2018-01-09 19:45:00,22 だ,1.0
496,"(24.1837584, 120.6037066)","(24.1486176, 120.5630284)",2018-01-09 05:13:00,31 だ,1.0
497,"(24.1837584, 120.6037066)","(24.102019, 120.6040369)",2018-01-09 02:40:00,22 だ,1.0
498,"(24.1837584, 120.6037066)","(24.1966815, 120.5315486)",2018-01-09 07:25:00,22 だ,1.0
499,"(24.1837584, 120.6037066)","(24.1195644, 120.6435783)",2018-01-09 19:39:00,27 だ,1.0
500,"(24.1837584, 120.6037066)","(24.1001755, 120.5890082)",2018-01-09 05:02:00,21 だ,1.0
501,"(24.1837584, 120.6037066)","(24.1718033, 120.577639)",2018-01-09 12:55:00,13 だ,1.0
502,"(24.1837584, 120.6037066)","(24.1172382, 120.53677)",2018-01-09 17:13:00,19 だ,1.0
503,"(24.1837584, 120.6037066)","(24.1515334, 120.6236384)",2018-01-09 17:54:00,17 だ,1.0
